{
    "rio_de_janeiro": {
        "estado": "Rio de Janeiro",
        "tipo_de_cidade": "Urbano",
        "perfil_turistico": ["Urbano", "Praia", "Cultural"],
        "populacao": "Grande",
        "pontos_turisticos": [
            "Cristo Redentor",
            "Pão de Açúcar",
            "Praia de Copacabana",
            "Escadaria Selarón",
            "Maracanã"
        ]
    },

    "sao_paulo": {
        "estado": "São Paulo",
        "tipo_de_cidade": "Urbano",
        "perfil_turistico": ["Urbano", "Cultural"],
        "populacao": "Grande",
        "pontos_turisticos": [
            "Avenida Paulista",
            "Parque Ibirapuera",
            "Museu do Futebol",
            "Catedral da Sé"
        ]
    },

    "belo_horizonte": {
        "estado": "Minas Gerais",
        "tipo_de_cidade": "Urbano",
        "perfil_turistico": ["Urbano", "Cultural"],
        "populacao": "Grande",
        "pontos_turisticos": [
            "Praça da Liberdade",
            "Conjunto Moderno da Pampulha",
            "Mercado Central",
            "Parque das Mangabeiras"
        ]
    },

    "curitiba": {
        "estado": "Paraná",
        "tipo_de_cidade": "Urbano",
        "perfil_turistico": ["Urbano", "Natureza"],
        "populacao": "Grande",
        "pontos_turisticos": [
            "Jardim Botânico",
            "Museu Oscar Niemeyer",
            "Parque Tanguá",
            "Ópera de Arame"
        ]
    },

    "salvador": {
        "estado": "Bahia",
        "tipo_de_cidade": "Urbano",
        "perfil_turistico": ["Urbano", "Praia", "Histórico"],
        "populacao": "Grande",
        "pontos_turisticos": [
            "Pelourinho",
            "Elevador Lacerda",
            "Farol da Barra",
            "Igreja de São Francisco"
        ]
    },

    "fortaleza": {
        "estado": "Ceará",
        "tipo_de_cidade": "Praia",
        "perfil_turistico": ["Praia", "Urbano"],
        "populacao": "Grande",
        "pontos_turisticos": [
            "Praia do Futuro",
            "Beira Mar",
            "Mercado Central",
            "Centro Dragão do Mar"
        ]
    },

    "manaus": {
        "estado": "Amazonas",
        "tipo_de_cidade": "Urbano",
        "perfil_turistico": ["Natureza", "Urbano"],
        "populacao": "Grande",
        "pontos_turisticos": [
            "Teatro Amazonas",
            "Encontro das Águas",
            "Praça da Matriz",
            "Museu do Seringal"
        ]
    },

    "porto_alegre": {
        "estado": "Rio Grande do Sul",
        "tipo_de_cidade": "Urbano",
        "perfil_turistico": ["Urbano", "Cultural"],
        "populacao": "Grande",
        "pontos_turisticos": [
            "Parque Farroupilha",
            "Usina do Gasômetro",
            "Museu de Arte do RS",
            "Lago Guaíba"
        ]
    },

    "recife": {
        "estado": "Pernambuco",
        "tipo_de_cidade": "Praia",
        "perfil_turistico": ["Praia", "Histórico"],
        "populacao": "Grande",
        "pontos_turisticos": [
            "Boa Viagem",
            "Marco Zero",
            "Oficina Cerâmica Francisco Brennand",
            "Instituto Ricardo Brennand"
        ]
    },

    "brasilia": {
        "estado": "Distrito Federal",
        "tipo_de_cidade": "Urbano",
        "perfil_turistico": ["Urbano", "Cultural"],
        "populacao": "Grande",
        "pontos_turisticos": [
            "Congresso Nacional",
            "Catetral Metropolitana",
            "Ponte JK",
            "Lago Paranoá"
        ]
    },

    "marica": {
        "estado": "Rio de Janeiro",
        "tipo_de_cidade": "Praia",
        "perfil_turistico": ["Praia", "Natureza", "Surf", "Bodyboard", "Bodysurf"],
        "populacao": "Média",
        "pontos_turisticos": [
            "Praia de Ponta Negra",
            "Orla do Parque Nanci",
            "Praia de Barra de Maricá",
            "Praia de Itaipuaçu"
        ]
    },

    "teresopolis": {
        "estado": "Rio de Janeiro",
        "tipo_de_cidade": "Serra",
        "perfil_turistico": ["Serra", "Natureza", "Cultural"],
        "populacao": "Média",
        "pontos_turisticos": [
            "Parque Nacional da Serra dos Órgãos",
            "Feirinha do Alto",
            "Mirante do Soberbo",
            "Cascata do Imbuí"
        ]
    },

    "saquarema": {
        "estado": "Rio de Janeiro",
        "tipo_de_cidade": "Praia",
        "perfil_turistico": ["Praia", "Surf"],
        "populacao": "Pequena",
        "pontos_turisticos": [
            "Praia de Itaúna",
            "Igreja de Nossa Senhora de Nazaré",
            "Lagoa de Saquarema",
            "Praia do Sudoeste"
        ]
    },

    "niteroi": {
        "estado": "Rio de Janeiro",
        "tipo_de_cidade": "Urbano",
        "perfil_turistico": ["Urbano", "Cultural"],
        "populacao": "Grande",
        "pontos_turisticos": [
            "Museu de Arte Contemporânea (MAC)",
            "Parque da Cidade",
            "Fortaleza de Santa Cruz",
            "Praia de Itacoatiara"
        ]
    },

    "petropolis": {
        "estado": "Rio de Janeiro",
        "tipo_de_cidade": "Serra",
        "perfil_turistico": ["Histórico", "Serra"],
        "populacao": "Média",
        "pontos_turisticos": [
            "Museu Imperial",
            "Catedral São Pedro de Alcântara",
            "Palácio de Cristal",
            "Casa de Santos Dumont"
        ]
    },

    "cabo_frio": {
        "estado": "Rio de Janeiro",
        "tipo_de_cidade": "Praia",
        "perfil_turistico": ["Praia", "Natureza", "Mergulho"],
        "populacao": "Média",
        "pontos_turisticos": [
            "Praia do Forte",
            "Forte São Mateus",
            "Ilha do Japonês",
            "Praia das Conchas"
        ]
    },

    "arraial_do_cabo": {
        "estado": "Rio de Janeiro",
        "tipo_de_cidade": "Praia",
        "perfil_turistico": ["Praia", "Natureza", "Mergulho"],
        "populacao": "Pequena",
        "pontos_turisticos": [
            "Praia do Farol",
            "Prainhas do Pontal do Atalaia",
            "Gruta Azul",
            "Praia Grande"
        ]
    },

    "nova_friburgo": {
        "estado": "Rio de Janeiro",
        "tipo_de_cidade": "Serra",
        "perfil_turistico": ["Serra", "Natureza"],
        "populacao": "Média",
        "pontos_turisticos": [
            "Teleférico de Nova Friburgo",
            "Parque Estadual dos Três Picos",
            "Praça do Suspiro",
            "Vale do Alcantilado"
        ]
    },

    "macae": {
        "estado": "Rio de Janeiro",
        "tipo_de_cidade": "Praia",
        "perfil_turistico": ["Praia", "Urbano", "Natureza"],
        "populacao": "Grande",
        "pontos_turisticos": [
            "Praia dos Cavaleiros",
            "Arquipélago de Santana",
            "Pico do Frade",
            "Praia do Pecado"
        ]
    }
}